source,title,link,published_at,published_raw,scraped_at
economic_times_markets,SBI Life Share Price Highlights: SBI Life Stock Price History,https://economictimes.indiatimes.com/markets/stocks/stock-liveblog/sbi-life-stock-price-livestock-price-today-live-updates-28-sep-2026/liveblog/134530450.cms,2026-09-28T02:55:19+00:00,"Mon, 28 Sep 2026 08:25:19 +0530",2026-09-28T15:46:48.690088+00:00
economic_times_markets,Nestle India Share Price Highlights: Nestle India Stock Price History,https://economictimes.indiatimes.com/markets/stocks/stock-liveblog/nestle-india-share-price-today-live-updates-28-sep-2026/liveblog/134530469.cms,2026-09-28T02:56:07+00:00,"Mon, 28 Sep 2026 08:26:07 +0530",2026-09-28T15:46:48.690088+00:00
economic_times_markets,Sun Pharma Share Price Highlights: Sun Pharma Stock Price History,https://economictimes.indiatimes.com/markets/stocks/stock-liveblog/sun-pharma-share-price-live-updates-28-sep-2026/liveblog/134530475.cms,2026-09-28T02:56:23+00:00,"Mon, 28 Sep 2026 08:26:23 +0530",2026-09-28T15:46:48.690088+00:00
economic_times_markets,Grasim Inds Share Price Highlights: Grasim Inds. Stock Price History,https://economictimes.indiatimes.com/markets/stocks/stock-liveblog/grasim-inds-stock-price-today-live-28-sep-2026/liveblog/134530479.cms,2026-09-28T02:56:39+00:00,"Mon, 28 Sep 2026 08:26:39 +0530",2026-09-28T15:46:48.690088+00:00
economic_times_markets,Tech Mahindra Share Price Highlights: Tech Mahindra Stock Price History,https://economictimes.indiatimes.com/markets/stocks/stock-liveblog/tech-mahindra-share-price-today-live-updates-28-sep-2026/liveblog/134530571.cms,2026-09-28T03:02:14+00:00,"Mon, 28 Sep 2026 08:32:14 +0530",2026-09-28T15:46:48.690088+00:00
economic_times_markets,Bank of Maharashtra among 5 stocks showing RSI trending up,https://economictimes.indiatimes.com/markets/stocks/news/bank-of-maharashtra-among-5-stocks-showing-rsi-trending-up/slideshow/134530662.cms,2026-09-28T03:04:05+00:00,"Mon, 28 Sep 2026 08:34:05 +0530",2026-09-28T15:46:48.690088+00:00
economic_times_markets,Wipro Share Price Highlights: Wipro Stock Price History,https://economictimes.indiatimes.com/markets/stocks/stock-liveblog/wipro-stock-price-today-live-28-sep-2026/liveblog/134530606.cms,2026-09-28T03:05:04+00:00,"Mon, 28 Sep 2026 08:35:04 +0530",2026-09-28T15:46:48.690088+00:00
economic_times_markets,Bharti Airtel Share Price Highlights: Bharti Airtel Stock Price History,https://economictimes.indiatimes.com/markets/stocks/stock-liveblog/bharti-airtel-share-price-live-updates-28-sep-2026/liveblog/134530605.cms,2026-09-28T03:05:04+00:00,"Mon, 28 Sep 2026 08:35:04 +0530",2026-09-28T15:46:48.690088+00:00
economic_times_markets,Tata Steel Share Price Highlights: Tata Steel Stock Price History,https://economictimes.indiatimes.com/markets/stocks/stock-liveblog/tata-steel-share-price-live-28-sep-2026/liveblog/134530613.cms,2026-09-28T03:05:21+00:00,"Mon, 28 Sep 2026 08:35:21 +0530",2026-09-28T15:46:48.690088+00:00
economic_times_markets,LTIMindtree Share Price Highlights: LTIMindtree Stock Price History,https://economictimes.indiatimes.com/markets/stocks/stock-liveblog/ltimindtree-share-price-today-live-28-sep-2026/liveblog/134530619.cms,2026-09-28T03:05:40+00:00,"Mon, 28 Sep 2026 08:35:40 +0530",2026-09-28T15:46:48.690088+00:00
economic_times_markets,HUL Share Price Highlights: HUL Stock Price History,https://economictimes.indiatimes.com/markets/stocks/stock-liveblog/hul-stock-price-today-live-28-sep-2026/liveblog/134530624.cms,2026-09-28T03:05:57+00:00,"Mon, 28 Sep 2026 08:35:57 +0530",2026-09-28T15:46:48.690088+00:00
economic_times_markets,Infosys Share Price Highlights: Infosys Stock Price History,https://economictimes.indiatimes.com/markets/stocks/stock-liveblog/infosys-share-price-today-live-28-sep-2026/liveblog/134530630.cms,2026-09-28T03:06:13+00:00,"Mon, 28 Sep 2026 08:36:13 +0530",2026-09-28T15:46:48.690088+00:00
economic_times_markets,Cyient among 4 stocks showing White Marubozu Pattern,https://economictimes.indiatimes.com/markets/stocks/news/cyient-among-4-stocks-showing-white-marubozu-pattern/slideshow/134530773.cms,2026-09-28T03:07:50+00:00,"Mon, 28 Sep 2026 08:37:50 +0530",2026-09-28T15:46:48.690088+00:00
economic_times_markets,HCL Tech Share Price Highlights: HCL Tech Stock Price History,https://economictimes.indiatimes.com/markets/stocks/stock-liveblog/hcl-tech-stock-price-today-live-28-sep-2026/liveblog/134530687.cms,2026-09-28T03:10:04+00:00,"Mon, 28 Sep 2026 08:40:04 +0530",2026-09-28T15:46:48.690088+00:00
economic_times_markets,"Block deal alert! Clean Max shares in focus as Augment India likely to sell stake worth Rs 1,063 crore",https://economictimes.indiatimes.com/markets/stocks/news/block-deal-alert-clean-max-shares-in-focus-as-augment-india-likely-to-sell-stake-worth-rs-1063-crore/articleshow/134530673.cms,2026-09-28T03:14:41+00:00,"Mon, 28 Sep 2026 08:44:41 +0530",2026-09-28T15:46:48.690088+00:00
economic_times_markets,IPO GMP Today Live Updates: Moneyview IPO subscribed over 98x on Day 3; GMP at 35%. Check other details,https://economictimes.indiatimes.com/markets/stocks/live-blog/ipo-gmp-today-live-updates-snapdeal-orient-cables-srit-india-grey-market-price-band-subscription-status-allotment-listing-date-news-28th-january/liveblog/134530835.cms,2026-09-28T03:19:14+00:00,"Mon, 28 Sep 2026 08:49:14 +0530",2026-09-28T15:46:48.690088+00:00
economic_times_markets,"MCX revenue seen rising 19% annually through FY30 on wider investor, product base: Report",https://economictimes.indiatimes.com/markets/stocks/news/mcx-revenue-seen-rising-19-annually-through-fy30-on-wider-investor-product-base-report/articleshow/134530788.cms,2026-09-28T03:20:14+00:00,"Mon, 28 Sep 2026 08:50:14 +0530",2026-09-28T15:46:48.690088+00:00
economic_times_markets,HDFC Life Share Price Highlights: HDFC Life Stock Price History,https://economictimes.indiatimes.com/markets/stocks/stock-liveblog/hdfc-life-stock-price-live-updates-28-sep-2026/liveblog/134530853.cms,2026-09-28T03:20:51+00:00,"Mon, 28 Sep 2026 08:50:51 +0530",2026-09-28T15:46:48.690088+00:00
economic_times_markets,Eicher Motors Share Price Highlights: Eicher Motors Stock Price History,https://economictimes.indiatimes.com/markets/stocks/stock-liveblog/eicher-motors-share-price-live-updates-28-sep-2026/liveblog/134530857.cms,2026-09-28T03:21:08+00:00,"Mon, 28 Sep 2026 08:51:08 +0530",2026-09-28T15:46:48.690088+00:00
economic_times_markets,Bajaj Finserv Share Price Highlights: Bajaj Finserv Stock Price History,https://economictimes.indiatimes.com/markets/stocks/stock-liveblog/bajaj-finserv-share-price-live-updates-28-sep-2026/liveblog/134530980.cms,2026-09-28T03:35:05+00:00,"Mon, 28 Sep 2026 09:05:05 +0530",2026-09-28T15:46:48.690088+00:00
economic_times_markets,PC Jeweller shares rise 4% as firm becomes debt-free; stock rallies 89% in 6 months,https://economictimes.indiatimes.com/markets/stocks/news/pc-jeweller-shares-in-focus-as-firm-becomes-debt-free-stock-rallies-89-in-6-months/articleshow/134531041.cms,2026-09-28T03:42:18+00:00,"Mon, 28 Sep 2026 09:12:18 +0530",2026-09-28T15:46:48.690088+00:00
economic_times_markets,Fortis Healthcare shares in focus as Supreme Court allows forensic audit to proceed,https://economictimes.indiatimes.com/markets/stocks/news/fortis-healthcare-shares-in-focus-as-supreme-court-allows-forensic-audit-to-proceed/articleshow/134531075.cms,2026-09-28T03:45:44+00:00,"Mon, 28 Sep 2026 09:15:44 +0530",2026-09-28T15:46:48.690088+00:00
economic_times_markets,"Shah Investor's Home IPO opens today. Check GMP, price band and other key details",https://economictimes.indiatimes.com/markets/stocks/news/shah-investors-home-ipo-opens-today-check-gmp-price-band-and-other-key-details/articleshow/134531140.cms,2026-09-28T03:50:57+00:00,"Mon, 28 Sep 2026 09:20:57 +0530",2026-09-28T15:46:48.690088+00:00
economic_times_markets,Zen Technologies among 3 stocks that closed crossing above VWAP,https://economictimes.indiatimes.com/markets/stocks/news/zen-technologies-among-3-stocks-that-closed-crossing-above-vwap/slideshow/134531262.cms,2026-09-28T03:54:27+00:00,"Mon, 28 Sep 2026 09:24:27 +0530",2026-09-28T15:46:48.690088+00:00
economic_times_markets,"Why did stock market crash today? Sensex tumbles 1,124 points, Nifty below 22,800; 6 factors behind Rs 8 lakh crore rout",https://economictimes.indiatimes.com/markets/stocks/news/why-is-market-falling-today-sensex-tumbles-700-points-nifty-below-22950-6-key-factors-behind-rs-5-lakh-crore-rout/articleshow/134531336.cms,2026-09-28T04:08:10+00:00,"Mon, 28 Sep 2026 09:38:10 +0530",2026-09-28T15:46:48.690088+00:00
economic_times_markets,How Gautam Adani turned Rs 1 lakh crore of stressed asset deals into a mega infrastructure bet,https://economictimes.indiatimes.com/markets/stocks/news/how-gautam-adani-turned-1-lakh-crore-of-stressed-asset-deals-into-a-mega-infrastructure-bet/articleshow/134531558.cms,2026-09-28T04:15:22+00:00,"Mon, 28 Sep 2026 09:45:22 +0530",2026-09-28T15:46:48.690088+00:00
economic_times_markets,Rs 4 lakh crore loss! Why India's storied consumer stocks are languishing near the bottom in 2026,https://economictimes.indiatimes.com/markets/stocks/news/rs-4-lakh-crore-loss-why-indias-storied-consumer-stocks-are-languishing-near-the-bottom-in-2026/articleshow/134531609.cms,2026-09-28T04:19:54+00:00,"Mon, 28 Sep 2026 09:49:54 +0530",2026-09-28T15:46:48.690088+00:00
economic_times_markets,"Will RBI announce steep rate hikes? Nomura sees up to 50 bps increase by Dec, dismisses 125 bps hike fears",https://economictimes.indiatimes.com/markets/stocks/news/will-rbi-announce-steep-rate-hikes-nomura-sees-up-to-50-bps-increase-by-dec-dismisses-125-bps-hike-fears/articleshow/134531953.cms,2026-09-28T04:37:28+00:00,"Mon, 28 Sep 2026 10:07:28 +0530",2026-09-28T15:46:48.690088+00:00
economic_times_markets,"BSE shares fall 2%, down 30% in 4 months. Why Macquarie is bullish while Jefferies is cautious",https://economictimes.indiatimes.com/markets/stocks/news/bse-shares-fall-2-down-30-in-4-months-why-macquarie-is-bullish-while-jefferies-is-cautious/articleshow/134532790.cms,2026-09-28T05:33:36+00:00,"Mon, 28 Sep 2026 11:03:36 +0530",2026-09-28T15:46:48.690088+00:00
economic_times_markets,"PB Fintech shares can rally 91% after 2-day bloodbath, says Bernstein. Here’s why it remains bullish",https://economictimes.indiatimes.com/markets/stocks/news/pb-fintech-shares-can-rally-91-after-2-day-bloodbath-says-bernstein-heres-why-it-remains-bullish/articleshow/134532891.cms,2026-09-28T05:33:52+00:00,"Mon, 28 Sep 2026 11:03:52 +0530",2026-09-28T15:46:48.690088+00:00
economic_times_markets,"NSE shares fall 2%, slip below IPO price, but analysts’ target prices go up to Rs 2,050. Time to buy?",https://economictimes.indiatimes.com/markets/stocks/news/nse-shares-fall-2-slip-below-ipo-price-but-analysts-target-prices-go-up-to-rs-2050-time-to-buy/articleshow/134532996.cms,2026-09-28T05:48:44+00:00,"Mon, 28 Sep 2026 11:18:44 +0530",2026-09-28T15:46:48.690088+00:00
economic_times_markets,"Suzlon Energy shares fall 2% to near six-month low, down 15% in one month",https://economictimes.indiatimes.com/markets/stocks/news/suzlon-energy-shares-fall-2-to-near-six-month-low-down-15-in-one-month/articleshow/134533844.cms,2026-09-28T06:11:05+00:00,"Mon, 28 Sep 2026 11:41:05 +0530",2026-09-28T15:46:48.690088+00:00
economic_times_markets,Tech picks: Balrampur Chini Mills among 4 stocks to buy for up to 18% returns in short term,https://economictimes.indiatimes.com/markets/stocks/news/tech-picks-balrampur-chini-mills-among-4-stocks-to-buy-for-up-to-18-returns-in-short-term/slideshow/134534034.cms,2026-09-28T06:11:42+00:00,"Mon, 28 Sep 2026 11:41:42 +0530",2026-09-28T15:46:48.690088+00:00
economic_times_markets,Augmont Enterprises shares rally 10% as NSE empanels company for EGR ecosystem,https://economictimes.indiatimes.com/markets/stocks/news/augmont-enterprises-shares-rally-10-as-nse-empanels-company-for-egr-ecosystem/articleshow/134534094.cms,2026-09-28T06:27:28+00:00,"Mon, 28 Sep 2026 11:57:28 +0530",2026-09-28T15:46:48.690088+00:00
economic_times_markets,"HDFC Bank CEO transition nears; Jefferies sees rerating scope, sets target at Rs 880",https://economictimes.indiatimes.com/markets/stocks/news/hdfc-bank-ceo-transition-nears-jefferies-sees-rerating-scope-sets-target-at-rs-880/articleshow/134534153.cms,2026-09-28T06:29:10+00:00,"Mon, 28 Sep 2026 11:59:10 +0530",2026-09-28T15:46:48.690088+00:00
economic_times_markets,"Sensex crashes over 1,000 points, Nifty50 below 22,850; erases nearly ₹6 lakh cr in an hour",https://economictimes.indiatimes.com/markets/stocks/news/sensex-crashes-over-1000-points-nifty50-below-22850-erases-nearly-6-lakh-cr-in-an-hour/videoshow/134534263.cms,2026-09-28T06:30:09+00:00,"Mon, 28 Sep 2026 12:00:09 +0530",2026-09-28T15:46:48.690088+00:00
economic_times_markets,PB Fintech among 4 F&amp;O stocks with a sharp rise in futures open interest,https://economictimes.indiatimes.com/markets/stocks/news/pb-fintech-among-4-fampo-stocks-with-a-sharp-rise-in-futures-open-interest/slideshow/134534458.cms,2026-09-28T06:32:54+00:00,"Mon, 28 Sep 2026 12:02:54 +0530",2026-09-28T15:46:48.690088+00:00
economic_times_markets,"Trouble continues: Turtlemint, PB Fintech, other insurance stocks drop up to 38% in 3 days. What are analysts saying?",https://economictimes.indiatimes.com/markets/stocks/news/trouble-continues-turtlemint-pb-fintech-other-insurance-stocks-drop-up-to-38-in-3-days-what-are-analysts-saying/articleshow/134534271.cms,2026-09-28T06:33:14+00:00,"Mon, 28 Sep 2026 12:03:14 +0530",2026-09-28T15:46:48.690088+00:00
economic_times_markets,FIIs cut stake in 12 smallcap stocks over 2 quarters; shares fall up to 50% in CY26,https://economictimes.indiatimes.com/markets/stocks/news/fiis-cut-stake-in-12-smallcap-stocks-over-2-quarters-shares-fall-up-to-50-in-cy26/slideshow/134536118.cms,2026-09-28T07:51:47+00:00,"Mon, 28 Sep 2026 13:21:47 +0530",2026-09-28T15:46:48.690088+00:00
economic_times_markets,"Jefferies names Max Financial as its top insurance pick, sees 41% upside despite target cut",https://economictimes.indiatimes.com/markets/stocks/news/jefferies-names-max-financial-as-its-top-insurance-pick-sees-41-upside-despite-target-cut/articleshow/134536100.cms,2026-09-28T08:00:02+00:00,"Mon, 28 Sep 2026 13:30:02 +0530",2026-09-28T15:46:48.690088+00:00
economic_times_markets,Great Eastern Shipping rises 3% as Nomura retains Buy; projects up to 28%. Here's why,https://economictimes.indiatimes.com/markets/stocks/news/great-eastern-shipping-rises-3-as-nomura-retains-buy-projects-up-to-28-heres-why/articleshow/134537272.cms,2026-09-28T09:11:01+00:00,"Mon, 28 Sep 2026 14:41:01 +0530",2026-09-28T15:46:48.690088+00:00
economic_times_markets,IRDAI’s commission crackdown: Why insurers may cope but distributors face a tougher test,https://economictimes.indiatimes.com/markets/stocks/news/irdais-commission-crackdown-why-insurers-may-cope-but-distributors-face-a-tougher-test/articleshow/134538251.cms,2026-09-28T09:47:32+00:00,"Mon, 28 Sep 2026 15:17:32 +0530",2026-09-28T15:46:48.690088+00:00
economic_times_markets,Moneyview vs Orient Cables vs A-One Steels: Which IPO could give strong listing gains and long-term growth?,https://economictimes.indiatimes.com/markets/stocks/news/moneyview-vs-orient-cables-vs-a-one-steels-which-ipo-could-give-strong-listing-gains-and-long-term-growth/articleshow/134539169.cms,2026-09-28T10:24:25+00:00,"Mon, 28 Sep 2026 15:54:25 +0530",2026-09-28T15:46:48.690088+00:00
economic_times_markets,"Motilal Oswal sees 4 factors boosting risk-reward after market’s sharp fall from 2024 high, lists 27 stock picks",https://economictimes.indiatimes.com/markets/stocks/news/motilal-oswal-sees-4-factors-boosting-risk-reward-after-markets-sharp-fall-from-2024-high-lists-27-stock-picks/articleshow/134539312.cms,2026-09-28T10:29:30+00:00,"Mon, 28 Sep 2026 15:59:30 +0530",2026-09-28T15:46:48.690088+00:00
economic_times_markets,AI in portfolio management: How technology is reshaping the manager’s role,https://economictimes.indiatimes.com/markets/stocks/news/ai-in-portfolio-management-how-technology-is-reshaping-the-managers-role/articleshow/134540393.cms,2026-09-28T11:09:29+00:00,"Mon, 28 Sep 2026 16:39:29 +0530",2026-09-28T15:46:48.690088+00:00
economic_times_markets,20 IPOs to open for subscription this week: GMPs signal up to 38% returns,https://economictimes.indiatimes.com/markets/stocks/news/20-ipos-to-open-for-subscription-this-week-gmps-signal-up-to-38-returns/slideshow/134542179.cms,2026-09-28T11:46:07+00:00,"Mon, 28 Sep 2026 17:16:07 +0530",2026-09-28T15:46:48.690088+00:00
economic_times_markets,"Gold, silver plunge up to 3% as oil surge, rate-hike bets trigger sell-off. What lies ahead?",https://economictimes.indiatimes.com/markets/stocks/news/gold-silver-plunge-up-to-3-as-oil-surge-rate-hike-bets-trigger-sell-off-what-lies-ahead/articleshow/134542705.cms,2026-09-28T12:28:00+00:00,"Mon, 28 Sep 2026 17:58:00 +0530",2026-09-28T15:46:48.690088+00:00
economic_times_markets,"Market wrap: Infosys, Dr Reddy's Labs, Tata Motors PV, Power Grid top gainers and losers on Nifty and Sensex on Monday",https://economictimes.indiatimes.com/markets/stocks/news/market-wrap-infosys-dr-reddys-labs-tata-motors-pv-power-grid-top-gainers-and-losers-on-nifty-and-sensex-on-monday/articleshow/134543014.cms,2026-09-28T12:49:03+00:00,"Mon, 28 Sep 2026 18:19:03 +0530",2026-09-28T15:46:48.690088+00:00
economic_times_markets,Havells India among 8 midcap stocks that hit 52-week lows and slipped up to 15% in a month,https://economictimes.indiatimes.com/markets/stocks/news/havells-india-among-8-midcap-stocks-that-hit-52-week-lows-and-slipped-up-to-15-in-a-month/slideshow/134543453.cms,2026-09-28T12:50:05+00:00,"Mon, 28 Sep 2026 18:20:05 +0530",2026-09-28T15:46:48.690088+00:00
economic_times_markets,Market Trading Guide: Quality Power among 3 stock recommendations for Tuesday,https://economictimes.indiatimes.com/markets/stocks/news/market-trading-guide-quality-power-among-3-stock-recommendations-for-tuesday/slideshow/134546225.cms,2026-09-28T15:17:16+00:00,"Mon, 28 Sep 2026 20:47:16 +0530",2026-09-28T15:46:48.690088+00:00
